Pos,1,2,3,4,5
Target,Y,L,L,Y,Y
A,-0.173863311173195,-0.10378227455627728,-0.05897511091484939,-0.3013272574088218,-0.38034889187069687
C,-0.1299378571143923,0.32580566031450997,-0.15177362221112856,-0.13515677299018408,0.04923904300009064
D,0.2957587431589496,1.3015485975071241,1.4721651076791644,0.9323937134555527,0.9937294366886001
E,0.2515161623171918,0.35871486189061214,0.21347842264417524,0.27724205029082155,0.3793997680441242
F,-0.6696748243748033,-0.7937498021988428,-0.6766219769777888,-0.671127257455118,-0.28755708026362997
G,-0.06864293272266363,-0.02347962406869602,0.15005659620667922,0.32113195964241364,0.40778549085975113
H,0.37569294977449424,-0.09578333520294864,-0.13202949074098072,-0.3375987968779185,0.3523455857775031
I,-0.7704602836626155,-1.061352631744645,-0.7572047289480816,-0.8411571289179144,-0.8891178274639316
K,0.4952105912430859,0.6186112653927865,0.6217948312646231,0.5722297736042663,0.45124394004335905
L,-0.5650989301773947,-0.6858501400223402,-0.7608823205955284,-0.5292378203097218,-0.42168925392154266
M,0.3439442514599139,0.10654058832887091,-0.9157658696384395,-0.4057151393633736,-0.015875349158290062
N,1.3777790418116356,0.9432073137696434,0.6288945444792727,1.1671161517210351,0.9125989255356052
P,1.964928154891075,1.9898887562275234,1.672802060054427,2.265090888566465,2.2982557348328165
Q,-0.19675148502573292,-0.0895527854523126,0.6125086356884539,-0.016874917224844813,-0.20239927192332316
R,-0.21131277014455332,0.07393092945556122,-0.08472853012301637,0.16938882601484906,0.48665792338509706
S,0.40790656975814926,0.5596188767337413,0.30564923735083865,-0.021809886395136067,0.3304919844908823
T,0.042340840489524884,-0.09700160946530333,-0.11517917059283511,0.24998020526776932,0.48899710573826916
V,-0.8477287708258354,-0.9876428126796214,-0.9703603224282833,-0.9593007582722053,-0.9467551992085897
W,-1.3710428380796056,-0.5988678349129366,-0.6026047118856739,-0.9680227189645079,-2.454249504447473
Y,-0.6443570163905132,-0.7952870815177294,-0.6200516254893945,-0.8927602344639609,-0.6992527381224304
